timestamp,layout_index,electrode_id,temperature_c,parallax_shift_x_px,parallax_shift_y_px,parallax_delta_z_mm,xy_bias_applied_x_px,xy_bias_applied_y_px,xy_bias_bucket_n,sample_delta_x_px,sample_delta_y_px
2026-08-05 10:01:38,87,88,600.20,,,,,,1,0.438,7.696
2026-08-05 10:10:28,38,39,599.74,,,,,,2,0.101,8.297
2026-08-05 10:15:15,111,112,599.73,,,,,,3,2.474,5.358
2026-08-05 11:04:29,108,109,599.77,,,,0.438,7.696,4,-7.958,-4.527
2026-08-05 11:09:49,94,95,599.99,,,,0.270,6.527,5,4.616,4.984
2026-08-05 12:56:08,110,111,599.95,,,,,,1,-2.099,0.129
2026-08-05 13:42:08,98,99,600.00,,,,,,2,-2.124,0.636
2026-08-05 13:47:19,99,100,600.00,,,,,,3,-2.115,-0.240
2026-08-05 13:51:42,100,101,600.00,,,,-2.115,0.129,4,-5.918,0.949
2026-08-05 13:55:56,101,102,600.00,,,,-2.119,0.383,5,-4.605,-0.681
2026-08-05 14:10:47,102,103,600.00,,,,-2.124,0.129,6,-4.718,0.354
2026-08-05 14:17:29,103,104,600.00,1.945,0.000,0.1751,-3.364,0.242,7,-7.731,1.612
2026-08-05 15:00:55,100,101,550.00,2.051,0.000,0.1899,-4.605,0.354,1,-8.512,-2.430
2026-08-05 15:07:21,101,102,550.00,2.023,0.000,0.1873,-4.605,0.354,2,-7.694,-1.105
2026-08-05 15:14:01,102,103,550.00,0.936,0.000,0.1721,-4.605,0.354,3,-10.102,-0.326
2026-08-05 15:20:49,103,104,550.00,1.055,0.000,0.1740,-8.512,-1.105,4,-11.280,-2.897
